{
    "train_loss": [
        0.685378597231907,
        0.5326507007900693,
        0.4825499612005461,
        0.32432376600643936,
        0.2560795425007433,
        0.24779976760971603,
        0.1733530910524614,
        0.17334510590789953,
        0.1477677392337295,
        0.198990333624804,
        0.1419874796276186,
        0.11702059620161818,
        0.1055380795849867,
        0.11007538029459134,
        0.0912323424480187,
        0.11627730192406921,
        0.07676747178759116
    ],
    "train_acc": [
        0.5579119086460033,
        0.6133768352365416,
        0.6802610114192496,
        0.8091353996737357,
        0.835236541598695,
        0.835236541598695,
        0.8874388254486134,
        0.8890701468189234,
        0.9102773246329527,
        0.8760195758564437,
        0.9282218597063622,
        0.933115823817292,
        0.9347471451876019,
        0.933115823817292,
        0.9380097879282219,
        0.9314845024469821,
        0.9559543230016313
    ],
    "valid_loss": [
        2.9259088155296116,
        0.8847014291418923,
        0.6242139571242862,
        0.5930752687984042,
        0.7622545957565308,
        0.5750921302371554,
        0.4271256923675537,
        0.40863336126009625,
        0.7575147483083937,
        0.4866625964641571,
        0.47999510500166154,
        0.40148701932695174,
        0.41518539521429276,
        0.49104110731018913,
        0.50844806432724,
        0.4530980322096083,
        0.4336680869261424
    ],
    "valid_acc": [
        0.20833333333333334,
        0.5,
        0.6111111111111112,
        0.6805555555555556,
        0.625,
        0.7222222222222222,
        0.7916666666666666,
        0.75,
        0.6388888888888888,
        0.6944444444444444,
        0.6666666666666666,
        0.7916666666666666,
        0.7916666666666666,
        0.7777777777777778,
        0.7777777777777778,
        0.7777777777777778,
        0.7777777777777778
    ],
    "learning_rate": [
        0.0001,
        0.0001,
        0.0001,
        0.0001,
        0.0001,
        5e-05,
        5e-05,
        5e-05,
        5e-05,
        5e-05,
        2.5e-05,
        2.5e-05,
        2.5e-05,
        2.5e-05,
        2.5e-05,
        1.25e-05,
        1.25e-05
    ]
}