{
    "train_loss": [
        0.9468880646769413,
        0.6613510752774374,
        0.5714129860016106,
        0.5431068018443432,
        0.4798255480133106,
        0.4470426684297123,
        0.4144278599426369,
        0.4036940184541861,
        0.4071500724330423,
        0.42633881751709235,
        0.3918636291489905,
        0.36852790393409296,
        0.35858671807153775,
        0.38417856679655016,
        0.3880179467053437,
        0.35174910079985616,
        0.3475801689006376,
        0.3923659606625555,
        0.3577350864208153,
        0.36132815329519025,
        0.34119838442149014,
        0.3630989826911814,
        0.34283142270699607,
        0.36454609923708886,
        0.330566049400006,
        0.3286611977934254,
        0.3658636050939949,
        0.3105868666537629,
        0.3615064264850943,
        0.35289857019996956,
        0.3550448667069633
    ],
    "train_acc": [
        0.3898858075040783,
        0.5872756933115824,
        0.6411092985318108,
        0.6737357259380098,
        0.7096247960848288,
        0.7422512234910277,
        0.7618270799347472,
        0.7895595432300163,
        0.7895595432300163,
        0.7389885807504079,
        0.7830342577487766,
        0.8107667210440457,
        0.8091353996737357,
        0.768352365415987,
        0.7797716150081566,
        0.8075040783034257,
        0.8075040783034257,
        0.766721044045677,
        0.797716150081566,
        0.802610114192496,
        0.8450244698205547,
        0.8189233278955954,
        0.8238172920065253,
        0.8156606851549756,
        0.8401305057096248,
        0.8580750407830342,
        0.8075040783034257,
        0.8368678629690048,
        0.7960848287112561,
        0.8189233278955954,
        0.8107667210440457
    ],
    "valid_loss": [
        0.881948835319943,
        0.7510280874040391,
        0.6445965700679355,
        0.6069419715139601,
        0.5842524502012465,
        0.5637361076143053,
        0.5594629910257127,
        0.5817280312379202,
        0.573689235581292,
        0.5493096576796638,
        0.5662129521369934,
        0.5353135863939921,
        0.540477325518926,
        0.540854983859592,
        0.5494399964809418,
        0.5372926725281609,
        0.5252901183234321,
        0.5386738346682655,
        0.5465182960033417,
        0.5474302205774519,
        0.5265695386462741,
        0.5321778323915269,
        0.5231946772999234,
        0.5221018327607049,
        0.5327226519584656,
        0.5249622000588311,
        0.5223982665273879,
        0.5454292164908515,
        0.5411483612325456,
        0.5361868838469187,
        0.5332853065596687
    ],
    "valid_acc": [
        0.4444444444444444,
        0.4861111111111111,
        0.625,
        0.5694444444444444,
        0.5972222222222222,
        0.625,
        0.5833333333333334,
        0.5972222222222222,
        0.5972222222222222,
        0.6111111111111112,
        0.6805555555555556,
        0.6527777777777778,
        0.6805555555555556,
        0.7083333333333334,
        0.6666666666666666,
        0.6944444444444444,
        0.6388888888888888,
        0.6527777777777778,
        0.6805555555555556,
        0.6805555555555556,
        0.6805555555555556,
        0.6666666666666666,
        0.6666666666666666,
        0.6944444444444444,
        0.6805555555555556,
        0.6388888888888888,
        0.6666666666666666,
        0.6805555555555556,
        0.6805555555555556,
        0.6805555555555556,
        0.6666666666666666
    ],
    "learning_rate": [
        0.001,
        0.001,
        0.001,
        0.001,
        0.001,
        0.0005,
        0.0005,
        0.0005,
        0.0005,
        0.0005,
        0.00025,
        0.00025,
        0.00025,
        0.00025,
        0.00025,
        0.000125,
        0.000125,
        0.000125,
        0.000125,
        0.000125,
        6.25e-05,
        6.25e-05,
        6.25e-05,
        6.25e-05,
        6.25e-05,
        3.125e-05,
        3.125e-05,
        3.125e-05,
        3.125e-05,
        3.125e-05,
        1.5625e-05
    ],
    "finetune_train_loss": [
        0.33916150293575803,
        0.2649111052516234,
        0.24066686299652298,
        0.23204660532330612,
        0.23389155314369264,
        0.20332951121773649,
        0.1839013607233617,
        0.21282808144757642,
        0.17701406686963303,
        0.19208323751343795,
        0.17689153377033565,
        0.1656202293725815,
        0.1680367676507785,
        0.183864786516006,
        0.17000745229581052,
        0.17918329157214763,
        0.1741922267060879,
        0.16638854362350108,
        0.16264624368599928,
        0.1607920642437787
    ],
    "finetune_train_acc": [
        0.8254486133768353,
        0.8727569331158238,
        0.8825448613376835,
        0.8874388254486134,
        0.8743882544861338,
        0.9135399673735726,
        0.9249592169657422,
        0.9053833605220228,
        0.9184339314845025,
        0.9151712887438825,
        0.9282218597063622,
        0.9396411092985318,
        0.9363784665579119,
        0.9184339314845025,
        0.9265905383360522,
        0.9265905383360522,
        0.9233278955954323,
        0.9265905383360522,
        0.9298531810766721,
        0.9380097879282219
    ],
    "finetune_valid_loss": [
        0.5010098152690463,
        0.4850504332118564,
        0.4471551908387078,
        0.43954092264175415,
        0.4294288224644131,
        0.4188745684093899,
        0.4280829926331838,
        0.41717901825904846,
        0.4199536442756653,
        0.4182480441199409,
        0.4178718311919106,
        0.4098711940977309,
        0.4099951121542189,
        0.41628656619124943,
        0.4087866958644655,
        0.41378655698564315,
        0.4040309770239724,
        0.4043033156130049,
        0.4099988126092487,
        0.4196021871434318
    ],
    "finetune_valid_acc": [
        0.6805555555555556,
        0.7222222222222222,
        0.7638888888888888,
        0.7638888888888888,
        0.7638888888888888,
        0.7638888888888888,
        0.75,
        0.7638888888888888,
        0.75,
        0.7638888888888888,
        0.7777777777777778,
        0.7638888888888888,
        0.7777777777777778,
        0.7638888888888888,
        0.7638888888888888,
        0.7638888888888888,
        0.7777777777777778,
        0.7777777777777778,
        0.7638888888888888,
        0.7638888888888888
    ],
    "finetune_learning_rate": [
        1e-05,
        1e-05,
        1e-05,
        5e-06,
        5e-06,
        5e-06,
        2.5e-06,
        2.5e-06,
        2.5e-06,
        1.25e-06,
        1.25e-06,
        1.25e-06,
        6.25e-07,
        6.25e-07,
        6.25e-07,
        3.125e-07,
        3.125e-07,
        3.125e-07,
        1.5625e-07,
        1.5625e-07
    ]
}