{
    "train_loss": [
        0.8083576330547426,
        0.7438231992002023,
        0.6201002856452158,
        0.5826251843236204,
        0.5626695266944549,
        0.563440420013073,
        0.549840865574692,
        0.545923076776657,
        0.5138288336710284,
        0.5141556725805385,
        0.5145731723182159,
        0.5061650054489808,
        0.5162417736955801
    ],
    "train_acc": [
        0.4469820554649266,
        0.5122349102773246,
        0.5758564437194127,
        0.5530179445350734,
        0.6117455138662317,
        0.5709624796084829,
        0.6068515497553018,
        0.5970636215334421,
        0.6084828711256117,
        0.634584013050571,
        0.6525285481239804,
        0.5872756933115824,
        0.6280587275693311
    ],
    "valid_loss": [
        1.6556302441491022,
        1.985793012711737,
        0.8001769913567437,
        0.7698177761501737,
        0.7879723244243197,
        0.6694876750310262,
        0.7057641479704115,
        0.7781780925061967,
        0.7265806330574883,
        0.8360620207256741,
        0.7058173384931352,
        0.6823796364996169,
        0.700612293349372
    ],
    "valid_acc": [
        0.20833333333333334,
        0.20833333333333334,
        0.3472222222222222,
        0.5,
        0.4722222222222222,
        0.5555555555555556,
        0.5555555555555556,
        0.5138888888888888,
        0.5555555555555556,
        0.4722222222222222,
        0.5138888888888888,
        0.5694444444444444,
        0.5416666666666666
    ],
    "learning_rate": [
        0.0001,
        0.0001,
        0.0001,
        0.0001,
        0.0001,
        5e-05,
        5e-05,
        5e-05,
        5e-05,
        5e-05,
        2.5e-05,
        2.5e-05,
        2.5e-05
    ]
}