{
    "train_loss": [
        1.1050936635127853,
        0.9722993403041149,
        0.88199047455002,
        0.8382662071878331,
        0.7617944930155942,
        0.7709761273608122,
        0.7001510520160296,
        0.7223322933105232,
        0.73776554672403,
        0.7170599130199551,
        0.7078632490669923,
        0.659844301458673,
        0.7086089339964152,
        0.6577027154202173,
        0.6360769952490901,
        0.6695912898461931,
        0.6855823732122511,
        0.6772910034675972,
        0.6904641846848156,
        0.6624204424038214,
        0.6151912747160646,
        0.6827851850387517,
        0.6730180862093827,
        0.6704397125695308
    ],
    "train_acc": [
        0.29853181076672103,
        0.3866231647634584,
        0.45024469820554647,
        0.4698205546492659,
        0.5448613376835236,
        0.5138662316476346,
        0.5791190864600326,
        0.5513866231647635,
        0.5415986949429038,
        0.5415986949429038,
        0.5464926590538336,
        0.5823817292006526,
        0.5464926590538336,
        0.598694942903752,
        0.6150081566068516,
        0.6068515497553018,
        0.5693311582381729,
        0.5823817292006526,
        0.5823817292006526,
        0.5628058727569332,
        0.6247960848287113,
        0.5840130505709625,
        0.567699836867863,
        0.5774877650897227
    ],
    "valid_loss": [
        1.1265816158718533,
        0.9141997496287028,
        0.7573097679350111,
        0.805985795127021,
        0.6779779725604587,
        0.6710706419414945,
        0.6730446351899041,
        0.640473312801785,
        0.6677569548288981,
        0.6624534858597649,
        0.6520341634750366,
        0.6636200216081407,
        0.6477896902296278,
        0.6438578963279724,
        0.635382784737481,
        0.6361013452212015,
        0.6013451947106255,
        0.6331936717033386,
        0.6385016375117831,
        0.6095078455077277,
        0.618872152434455,
        0.6277783976660835,
        0.6246974534458585,
        0.6126665075620016
    ],
    "valid_acc": [
        0.18055555555555555,
        0.4027777777777778,
        0.5277777777777778,
        0.4305555555555556,
        0.5694444444444444,
        0.5972222222222222,
        0.5416666666666666,
        0.5972222222222222,
        0.5416666666666666,
        0.5416666666666666,
        0.5416666666666666,
        0.5277777777777778,
        0.5833333333333334,
        0.5555555555555556,
        0.5555555555555556,
        0.5277777777777778,
        0.6388888888888888,
        0.5833333333333334,
        0.5416666666666666,
        0.5694444444444444,
        0.5833333333333334,
        0.5277777777777778,
        0.625,
        0.6388888888888888
    ],
    "learning_rate": [
        0.001,
        0.001,
        0.001,
        0.001,
        0.001,
        0.0005,
        0.0005,
        0.0005,
        0.0005,
        0.0005,
        0.00025,
        0.00025,
        0.00025,
        0.00025,
        0.00025,
        0.000125,
        0.000125,
        0.000125,
        0.000125,
        0.000125,
        6.25e-05,
        6.25e-05,
        6.25e-05,
        6.25e-05
    ],
    "finetune_train_loss": [
        0.6620546305646321,
        0.6779515256111618,
        0.6415513088808169,
        0.6627920200929751,
        0.6669744307609795,
        0.6576907413040833,
        0.677444425531546,
        0.6521289225114695,
        0.6500584220127803,
        0.6292002286646533,
        0.6489581200271407,
        0.6562870130258905,
        0.6918492084809656,
        0.6765915341128338,
        0.6695032299634488,
        0.6723250433632445,
        0.6640947289023469,
        0.6462082730615314,
        0.650984714995784
    ],
    "finetune_train_acc": [
        0.5725938009787929,
        0.5546492659053833,
        0.5889070146818923,
        0.5856443719412724,
        0.5693311582381729,
        0.5840130505709625,
        0.564437194127243,
        0.5856443719412724,
        0.5889070146818923,
        0.6035889070146819,
        0.5970636215334421,
        0.5921696574225123,
        0.5546492659053833,
        0.5889070146818923,
        0.5791190864600326,
        0.5742251223491027,
        0.5840130505709625,
        0.5856443719412724,
        0.6133768352365416
    ],
    "finetune_valid_loss": [
        0.6055900057156881,
        0.6134242084291246,
        0.6036358740594652,
        0.6105178395907084,
        0.6172947155104743,
        0.6063838534884982,
        0.6056589947806464,
        0.6008116669125028,
        0.6002418398857117,
        0.6155789030922784,
        0.6039444009462992,
        0.6067855424351163,
        0.6151585181554159,
        0.5958288444413079,
        0.6012821793556213,
        0.6078049143155416,
        0.6035763886239793,
        0.621783799595303,
        0.601362148920695
    ],
    "finetune_valid_acc": [
        0.5833333333333334,
        0.5972222222222222,
        0.5555555555555556,
        0.6111111111111112,
        0.5833333333333334,
        0.5833333333333334,
        0.5972222222222222,
        0.6111111111111112,
        0.6111111111111112,
        0.6111111111111112,
        0.6388888888888888,
        0.6388888888888888,
        0.625,
        0.6527777777777778,
        0.6388888888888888,
        0.625,
        0.6388888888888888,
        0.625,
        0.6527777777777778
    ],
    "finetune_learning_rate": [
        1e-05,
        1e-05,
        1e-05,
        5e-06,
        5e-06,
        5e-06,
        2.5e-06,
        2.5e-06,
        2.5e-06,
        1.25e-06,
        1.25e-06,
        1.25e-06,
        6.25e-07,
        6.25e-07,
        6.25e-07,
        3.125e-07,
        3.125e-07,
        3.125e-07,
        1.5625e-07
    ]
}