{
    "train_loss": [
        1.0672498519424514,
        0.9935831016272938,
        0.8990766001564449,
        0.8070801235917731,
        0.8039914359859697,
        0.7746788899233447,
        0.7513877952662805,
        0.7248192376063659,
        0.7027148385615761,
        0.7261279630816586,
        0.68444954551647,
        0.7372983802978988,
        0.7026588716475843,
        0.6938837622740529,
        0.7049390982842562,
        0.6781278622092081,
        0.6683457416966923,
        0.6893020125431104,
        0.7133069473028572,
        0.6829048890079604,
        0.6759942785561766,
        0.6297658108186955,
        0.68721297115914,
        0.6512863905355942,
        0.6038492340442602,
        0.6439163068379313,
        0.6836563014284044,
        0.6766588522598366
    ],
    "train_acc": [
        0.3034257748776509,
        0.37846655791190864,
        0.44045676998368677,
        0.5008156606851549,
        0.48776508972267535,
        0.5154975530179445,
        0.5040783034257749,
        0.5791190864600326,
        0.5628058727569332,
        0.5725938009787929,
        0.5628058727569332,
        0.5546492659053833,
        0.564437194127243,
        0.5872756933115824,
        0.5595432300163132,
        0.5758564437194127,
        0.5970636215334421,
        0.564437194127243,
        0.5742251223491027,
        0.5693311582381729,
        0.5628058727569332,
        0.6052202283849919,
        0.564437194127243,
        0.6133768352365416,
        0.6443719412724307,
        0.6084828711256117,
        0.5758564437194127,
        0.566068515497553
    ],
    "valid_loss": [
        1.0643305116229587,
        0.8958852820926242,
        0.7639248172442118,
        0.7684790359603034,
        0.7102102571063571,
        0.7080997824668884,
        0.6609171761406792,
        0.6908120380507575,
        0.6663998895221286,
        0.6701083646880256,
        0.6517804861068726,
        0.6659728487332662,
        0.6507716774940491,
        0.6537617444992065,
        0.6418773068322076,
        0.6353936725192599,
        0.6363392141130235,
        0.639384216732449,
        0.6363649831877815,
        0.6295753452512953,
        0.6255847480561998,
        0.6466178231769137,
        0.6298143863677979,
        0.6491725709703233,
        0.6378081176016066,
        0.6337364845805697,
        0.6498072279824151,
        0.6385276317596436
    ],
    "valid_acc": [
        0.19444444444444445,
        0.4027777777777778,
        0.5138888888888888,
        0.4861111111111111,
        0.5416666666666666,
        0.4722222222222222,
        0.5555555555555556,
        0.5,
        0.5,
        0.4861111111111111,
        0.5416666666666666,
        0.5138888888888888,
        0.4861111111111111,
        0.5277777777777778,
        0.5,
        0.5138888888888888,
        0.5555555555555556,
        0.5,
        0.5694444444444444,
        0.5555555555555556,
        0.5972222222222222,
        0.5555555555555556,
        0.5555555555555556,
        0.5138888888888888,
        0.5,
        0.5555555555555556,
        0.5416666666666666,
        0.5694444444444444
    ],
    "learning_rate": [
        0.001,
        0.001,
        0.001,
        0.001,
        0.001,
        0.0005,
        0.0005,
        0.0005,
        0.0005,
        0.0005,
        0.00025,
        0.00025,
        0.00025,
        0.00025,
        0.00025,
        0.000125,
        0.000125,
        0.000125,
        0.000125,
        0.000125,
        6.25e-05,
        6.25e-05,
        6.25e-05,
        6.25e-05,
        6.25e-05,
        3.125e-05,
        3.125e-05,
        3.125e-05
    ],
    "finetune_train_loss": [
        0.6987879920939248,
        0.664504181696968,
        0.6392773127283591,
        0.6755620383127284,
        0.6540888767646926,
        0.668580618320826
    ],
    "finetune_train_acc": [
        0.5693311582381729,
        0.564437194127243,
        0.5938009787928222,
        0.5823817292006526,
        0.5905383360522023,
        0.5823817292006526
    ],
    "finetune_valid_loss": [
        0.6277922524346246,
        0.6335073643260531,
        0.6454387439621819,
        0.6417210234536065,
        0.6338368190659417,
        0.6324364609188504
    ],
    "finetune_valid_acc": [
        0.5833333333333334,
        0.5694444444444444,
        0.5,
        0.5972222222222222,
        0.5833333333333334,
        0.5694444444444444
    ],
    "finetune_learning_rate": [
        1e-05,
        1e-05,
        1e-05,
        5e-06,
        5e-06,
        5e-06
    ]
}