{
    "train_loss": [
        0.752759971782006,
        0.7564452204968762,
        0.699267557064044,
        0.629518935478142,
        0.5490211542045507,
        0.5903952428022761,
        0.5141028723456148,
        0.48281434319342137,
        0.4940762422602095,
        0.4859291991829678,
        0.43139977488198833,
        0.4128626390538052,
        0.4131710272628759,
        0.4319499636746542,
        0.3624868961765171,
        0.38739105689583947,
        0.31544203937150916,
        0.34373790735521675,
        0.3176733384221841,
        0.34367798436524233,
        0.3302420560531865,
        0.3194666407625594,
        0.34053462228417203,
        0.3378138071561132,
        0.3428063742682751,
        0.3347254652183558,
        0.32772745150726346,
        0.3221234214442006,
        0.3085088931619635,
        0.3367102459243227
    ],
    "train_acc": [
        0.5024469820554649,
        0.5154975530179445,
        0.5040783034257749,
        0.5611745513866232,
        0.632952691680261,
        0.5954323001631321,
        0.6508972267536705,
        0.6541598694942904,
        0.6737357259380098,
        0.7014681892332789,
        0.7194127243066885,
        0.7161500815660685,
        0.7308319738988581,
        0.7308319738988581,
        0.7699836867862969,
        0.7471451876019576,
        0.7879282218597063,
        0.799347471451876,
        0.802610114192496,
        0.7879282218597063,
        0.7928221859706363,
        0.7911908646003263,
        0.7765089722675367,
        0.7944535073409462,
        0.7765089722675367,
        0.797716150081566,
        0.8075040783034257,
        0.8091353996737357,
        0.8107667210440457,
        0.8075040783034257
    ],
    "valid_loss": [
        1.0466510852177937,
        1.3880037864049275,
        0.8176746269067129,
        0.9667588737275865,
        0.7779632906119028,
        0.7549072967635261,
        0.7243420879046122,
        0.6773918867111206,
        0.7940754989782969,
        0.6251400344901614,
        0.6421045859654745,
        0.6476777096589407,
        0.644385125901964,
        0.6006833778487312,
        0.5957018534342448,
        0.5927364594406552,
        0.5864920119444529,
        0.5690636568599277,
        0.6135571499665579,
        0.5868712994787428,
        0.6001637710465325,
        0.5983932581212785,
        0.5684864189889696,
        0.6284028258588579,
        0.6267374489042494,
        0.5792706045839522,
        0.6167424685425229,
        0.6426566474967532,
        0.6548398402002122,
        0.6098761326736875
    ],
    "valid_acc": [
        0.20833333333333334,
        0.20833333333333334,
        0.3472222222222222,
        0.5277777777777778,
        0.4027777777777778,
        0.4861111111111111,
        0.5277777777777778,
        0.5555555555555556,
        0.4722222222222222,
        0.5555555555555556,
        0.5416666666666666,
        0.5555555555555556,
        0.5694444444444444,
        0.6111111111111112,
        0.5416666666666666,
        0.5694444444444444,
        0.5416666666666666,
        0.5833333333333334,
        0.5833333333333334,
        0.5972222222222222,
        0.5972222222222222,
        0.5972222222222222,
        0.5833333333333334,
        0.5555555555555556,
        0.5555555555555556,
        0.5972222222222222,
        0.5833333333333334,
        0.5416666666666666,
        0.5555555555555556,
        0.5694444444444444
    ],
    "learning_rate": [
        0.0001,
        0.0001,
        0.0001,
        0.0001,
        0.0001,
        5e-05,
        5e-05,
        5e-05,
        5e-05,
        5e-05,
        2.5e-05,
        2.5e-05,
        2.5e-05,
        2.5e-05,
        2.5e-05,
        1.25e-05,
        1.25e-05,
        1.25e-05,
        1.25e-05,
        1.25e-05,
        6.25e-06,
        6.25e-06,
        6.25e-06,
        6.25e-06,
        6.25e-06,
        3.125e-06,
        3.125e-06,
        3.125e-06,
        3.125e-06,
        3.125e-06
    ]
}