{
    "train_loss": [
        0.9378534802410381,
        0.8330509977667405,
        0.7787673031914293,
        0.737002442653183,
        0.7363235613066843,
        0.6801128117139732,
        0.6887393782422748,
        0.6850127887959192,
        0.6642608120429768,
        0.6721513599011482,
        0.6822003382843043,
        0.6492562238582779,
        0.6309131671709494,
        0.62785125439941,
        0.5961624926493957,
        0.6304407299634488,
        0.6749627746726716,
        0.6182015751158821
    ],
    "train_acc": [
        0.3931484502446982,
        0.5008156606851549,
        0.48776508972267535,
        0.49755301794453505,
        0.5089722675367048,
        0.5301794453507341,
        0.5448613376835236,
        0.5220228384991843,
        0.5481239804241436,
        0.5530179445350734,
        0.5236541598694943,
        0.5497553017944535,
        0.5252854812398042,
        0.5774877650897227,
        0.601957585644372,
        0.5742251223491027,
        0.5497553017944535,
        0.5791190864600326
    ],
    "valid_loss": [
        0.9689113762643602,
        0.8096194995774163,
        0.7312942941983541,
        0.7016349832216898,
        0.6763528121842278,
        0.6766488485866122,
        0.6656897597842746,
        0.6684371166759067,
        0.6637496815787421,
        0.6664566861258613,
        0.6686769326527914,
        0.6618062721358405,
        0.6583455469873216,
        0.6614548232820299,
        0.6643358535236783,
        0.6678005456924438,
        0.6683879097302755,
        0.6698419517940946
    ],
    "valid_acc": [
        0.3611111111111111,
        0.4166666666666667,
        0.4305555555555556,
        0.4722222222222222,
        0.4861111111111111,
        0.5,
        0.4861111111111111,
        0.4861111111111111,
        0.5138888888888888,
        0.4722222222222222,
        0.4722222222222222,
        0.5694444444444444,
        0.5833333333333334,
        0.5833333333333334,
        0.5138888888888888,
        0.4722222222222222,
        0.5138888888888888,
        0.5138888888888888
    ],
    "learning_rate": [
        0.0001,
        0.0001,
        0.0001,
        0.0001,
        0.0001,
        5e-05,
        5e-05,
        5e-05,
        5e-05,
        5e-05,
        2.5e-05,
        2.5e-05,
        2.5e-05,
        2.5e-05,
        2.5e-05,
        1.25e-05,
        1.25e-05,
        1.25e-05
    ]
}