{
    "train_loss": [
        0.9279125573973477,
        0.7915210650951205,
        0.7249916609115352,
        0.7243966787907661,
        0.7073343361182469,
        0.7103092210522289,
        0.6855171953873378,
        0.6897803530899191,
        0.6624508553578065,
        0.6745949477978281,
        0.6551822848848962,
        0.6437611824925533
    ],
    "train_acc": [
        0.399673735725938,
        0.5236541598694943,
        0.5138662316476346,
        0.5089722675367048,
        0.5154975530179445,
        0.5432300163132137,
        0.5367047308319739,
        0.5154975530179445,
        0.5236541598694943,
        0.5138662316476346,
        0.5513866231647635,
        0.5530179445350734
    ],
    "valid_loss": [
        0.9423597918616401,
        0.7640783323182,
        0.7070798873901367,
        0.6886016792721219,
        0.6971933378113641,
        0.6785744428634644,
        0.6596745649973551,
        0.6754037472936842,
        0.6622099081675211,
        0.665513383017646,
        0.6790603730413649,
        0.6674232681592306
    ],
    "valid_acc": [
        0.4305555555555556,
        0.4583333333333333,
        0.3888888888888889,
        0.4583333333333333,
        0.4027777777777778,
        0.4305555555555556,
        0.5138888888888888,
        0.4722222222222222,
        0.5138888888888888,
        0.4861111111111111,
        0.4583333333333333,
        0.4861111111111111
    ],
    "learning_rate": [
        0.0001,
        0.0001,
        0.0001,
        0.0001,
        0.0001,
        5e-05,
        5e-05,
        5e-05,
        5e-05,
        5e-05,
        2.5e-05,
        2.5e-05
    ]
}