{
    "train_loss": [
        1.1102927738457287,
        0.8512335390484547,
        0.7742805899064653,
        0.8020911013516089,
        0.7251926617754614,
        0.6863279062616494,
        0.7114473391707142,
        0.6980242986857988,
        0.6926099052242509,
        0.6924613887295249,
        0.5006611350115516,
        0.5528180941477491,
        0.4786682265034313,
        0.4621500730708995,
        0.3966608048457695,
        0.44619993532462376,
        0.37640630061241387,
        0.40136590108980363,
        0.36735582884042534,
        0.32884337900124405,
        0.34498987015075433,
        0.32512984618082713,
        0.3553254462863648,
        0.3134075989050344,
        0.2942469774412681,
        0.292226438956004,
        0.28316068590951393,
        0.3102101214217906,
        0.28329514056978955,
        0.26029050481455557,
        0.2549089839952416,
        0.22658215205490492,
        0.2576295263323854,
        0.28362144284302804,
        0.2416539196332166,
        0.2669431313410474,
        0.2460813998787088
    ],
    "train_acc": [
        0.43066884176182707,
        0.43066884176182707,
        0.4567699836867863,
        0.47797716150081565,
        0.5203915171288744,
        0.5089722675367048,
        0.5073409461663948,
        0.5415986949429038,
        0.5611745513866232,
        0.5301794453507341,
        0.6460032626427407,
        0.6231647634584013,
        0.6394779771615008,
        0.7047308319738989,
        0.7079934747145188,
        0.6916802610114192,
        0.732463295269168,
        0.7161500815660685,
        0.7504078303425775,
        0.766721044045677,
        0.7553017944535073,
        0.7846655791190864,
        0.766721044045677,
        0.7732463295269169,
        0.7781402936378466,
        0.799347471451876,
        0.8189233278955954,
        0.8238172920065253,
        0.797716150081566,
        0.7895595432300163,
        0.8172920065252854,
        0.8450244698205547,
        0.8123980424143556,
        0.8091353996737357,
        0.8368678629690048,
        0.8091353996737357,
        0.835236541598695
    ],
    "valid_loss": [
        1.4641326798333063,
        0.8312959339883592,
        0.7490231858359443,
        0.7349594566557143,
        0.6936586631668938,
        0.6231941249635484,
        0.6525929172833761,
        0.6784367760022482,
        0.6519860227902731,
        0.6707568367322286,
        0.6526008049647013,
        0.5896700024604797,
        0.5461638967196146,
        0.5218528774049547,
        0.5774594214227464,
        0.5330706304974027,
        0.5111033254199557,
        0.49143852790196735,
        0.5381122264597151,
        0.7004074652989706,
        0.5044630103641086,
        0.4919803175661299,
        0.4394136799706353,
        0.4610293176439073,
        0.4225504431459639,
        0.433836258120007,
        0.40730122725168866,
        0.41659946242968243,
        0.4268401364485423,
        0.40117494927512276,
        0.43401096595658195,
        0.41939413878652787,
        0.45537422100702923,
        0.46158963110711837,
        0.41390161712964374,
        0.4128198524316152,
        0.42492978440390694
    ],
    "valid_acc": [
        0.2916666666666667,
        0.4027777777777778,
        0.375,
        0.4444444444444444,
        0.4027777777777778,
        0.5,
        0.5138888888888888,
        0.4305555555555556,
        0.4722222222222222,
        0.4861111111111111,
        0.5138888888888888,
        0.5694444444444444,
        0.625,
        0.625,
        0.5416666666666666,
        0.5416666666666666,
        0.5833333333333334,
        0.5833333333333334,
        0.6111111111111112,
        0.5416666666666666,
        0.5833333333333334,
        0.6111111111111112,
        0.7083333333333334,
        0.6944444444444444,
        0.6944444444444444,
        0.7083333333333334,
        0.7222222222222222,
        0.6944444444444444,
        0.7361111111111112,
        0.6666666666666666,
        0.6527777777777778,
        0.75,
        0.7361111111111112,
        0.6944444444444444,
        0.7361111111111112,
        0.7222222222222222,
        0.75
    ],
    "learning_rate": [
        0.0001,
        0.0001,
        0.0001,
        0.0001,
        0.0001,
        5e-05,
        5e-05,
        5e-05,
        5e-05,
        5e-05,
        2.5e-05,
        2.5e-05,
        2.5e-05,
        2.5e-05,
        2.5e-05,
        1.25e-05,
        1.25e-05,
        1.25e-05,
        1.25e-05,
        1.25e-05,
        6.25e-06,
        6.25e-06,
        6.25e-06,
        6.25e-06,
        6.25e-06,
        3.125e-06,
        3.125e-06,
        3.125e-06,
        3.125e-06,
        3.125e-06,
        1.5625e-06,
        1.5625e-06,
        1.5625e-06,
        1.5625e-06,
        1.5625e-06,
        7.8125e-07,
        7.8125e-07
    ]
}